,PageRank
밀키트,0.033443776997672155
배송,0.09877656920086685
새벽,0.00995600828021415
코로나19,0.018418510631616945
간편식,0.00995600828021415
정기,0.00995600828021415
제품,0.06557890238410055
시장,0.0599654056098966
소비,0.00995600828021415
식품,0.00995600828021415
당일,0.00995600828021415
오프라인,0.00995600828021415
주문,0.00995600828021415
유통,0.02481604793657012
온라인,0.015053069922094327
전문,0.00995600828021415
상품,0.04137507739312343
감염증,0.00995600828021415
인기,0.017917623908890044
출시,0.017917623908890044
브랜드,0.03680914181463748
무료,0.00995600828021415
자체,0.00995600828021415
판매,0.017917623908890044
트렌드,0.026881012983019738
식문화,0.00995600828021415
글로벌,0.00995600828021415
서비스,0.03890760157489739
사태,0.01256531683532413
확산,0.01256531683532413
규모,0.015053069922094327
진출,0.015053069922094327
성장,0.015053069922094327
장기,0.01256531683532413
영향,0.01256531683532413
점유,0.015053069922094327
가능,0.03094598594622149
확대,0.015053069922094327
공략,0.015053069922094327
생산,0.017917623908890044
채널,0.031049893431888183
구매,0.017917623908890044
상황,0.01256531683532413
반영,0.0328052085901311
조사,0.015053069922094327
장기화,0.01256531683532413
론칭,0.020385099727116086
급성장,0.015053069922094327
